seq_id,tm
31390,17.83
31391,17.75
31392,13.69
31393,13.75
31394,15.01
31395,14.55
31396,18.75
31397,16.06
31398,18.27
31399,17.72
31400,15.56
31401,17.52
31402,15.02
31403,9.23
31404,18.21
31405,18.19
31406,17.23
31407,18.29
31408,17.58
31409,12.84
31410,17.69
31411,17.91
31412,7.87
31413,7.43
31414,8.46
31415,15.81
31416,13.86
31417,15.58
31418,13.24
31419,12.87
31420,15.17
31421,13.48
31422,13.43
31423,13.0
31424,14.26
31425,12.02
31426,15.7
31427,16.02
31428,7.4
31429,4.83
31430,4.45
31431,3.66
31432,4.26
31433,15.38
31434,14.8
31435,15.31
31436,13.07
31437,12.9
31438,15.87
31439,12.59
31440,13.92
31441,11.8
31442,12.47
31443,15.63
31444,10.14
31445,13.16
31446,9.23
31447,14.16
31448,21.62
31449,17.89
31450,20.54
31451,18.5
31452,16.48
31453,19.32
31454,20.49
31455,19.07
31456,20.62
31457,18.06
31458,18.49
31459,16.91
31460,9.95
31461,18.35
31462,17.7
31463,17.66
31464,17.49
31465,18.03
31466,18.55
31467,17.71
31468,11.17
31469,11.61
31470,9.03
31471,7.51
31472,8.53
31473,7.64
31474,4.52
31475,7.67
31476,9.7
31477,8.35
31478,9.15
31479,15.7
31480,10.0
31481,14.74
31482,15.95
31483,16.75
31484,16.76
31485,14.0
31486,10.51
31487,14.65
31488,16.93
31489,18.59
31490,9.3
31491,9.17
31492,12.99
31493,17.28
31494,12.46
31495,9.59
31496,17.66
31497,19.86
31498,13.89
31499,11.25
31500,14.23
31501,10.4
31502,11.11
31503,15.08
31504,11.4
31505,12.58
31506,15.17
31507,13.78
31508,10.58
31509,17.06
31510,12.78
31511,14.88
31512,16.91
31513,14.57
31514,12.49
31515,15.64
31516,9.21
31517,13.0
31518,10.71
31519,8.03
31520,8.1
31521,10.49
31522,7.61
31523,8.46
31524,10.67
31525,7.92
31526,8.61
31527,6.62
31528,8.56
31529,9.73
31530,6.92
31531,10.01
31532,5.91
31533,7.07
31534,5.79
31535,8.01
31536,8.2
31537,6.1
31538,10.64
31539,6.23
31540,5.1
31541,13.0
31542,6.94
31543,12.26
31544,11.96
31545,8.18
31546,11.92
31547,10.45
31548,5.96
31549,13.62
31550,8.18
31551,9.82
31552,10.46
31553,7.23
31554,10.33
31555,9.63
31556,8.01
31557,8.6
31558,7.85
31559,6.63
31560,6.83
31561,11.51
31562,6.68
31563,9.41
31564,15.0
31565,14.64
31566,16.01
31567,14.34
31568,15.34
31569,13.9
31570,14.96
31571,10.34
31572,11.95
31573,12.38
31574,13.05
31575,11.74
31576,13.83
31577,11.22
31578,11.91
31579,19.33
31580,17.01
31581,18.7
31582,16.87
31583,16.21
31584,17.64
31585,18.19
31586,13.89
31587,16.07
31588,5.54
31589,8.69
31590,5.82
31591,6.06
31592,10.14
31593,10.08
31594,7.09
31595,7.89
31596,6.02
31597,12.52
31598,7.89
31599,5.98
31600,8.62
31601,12.7
31602,8.61
31603,14.59
31604,9.12
31605,12.78
31606,8.13
31607,7.41
31608,12.75
31609,12.27
31610,12.88
31611,13.66
31612,12.09
31613,6.94
31614,12.63
31615,8.12
31616,7.98
31617,9.27
31618,10.62
31619,8.47
31620,11.15
31621,9.98
31622,12.17
31623,14.44
31624,13.61
31625,9.44
31626,8.87
31627,10.47
31628,4.24
31629,5.61
31630,4.88
31631,3.68
31632,11.06
31633,4.69
31634,4.91
31635,5.66
31636,5.62
31637,3.38
31638,6.0
31639,10.61
31640,13.68
31641,14.48
31642,9.2
31643,11.65
31644,12.43
31645,14.85
31646,12.95
31647,12.18
31648,10.82
31649,11.61
31650,17.53
31651,12.78
31652,19.24
31653,19.51
31654,12.99
31655,16.74
31656,18.41
31657,15.51
31658,14.2
31659,15.67
31660,15.37
31661,16.02
31662,11.97
31663,8.86
31664,12.62
31665,14.12
31666,11.88
31667,18.96
31668,19.29
31669,18.1
31670,16.49
31671,16.61
31672,16.04
31673,18.31
31674,16.37
31675,16.4
31676,17.9
31677,18.35
31678,17.09
31679,8.79
31680,9.77
31681,8.55
31682,10.22
31683,9.67
31684,10.82
31685,9.52
31686,13.53
31687,11.82
31688,9.65
31689,12.72
31690,14.9
31691,13.79
31692,13.86
31693,13.28
31694,17.67
31695,15.16
31696,17.74
31697,17.85
31698,12.24
31699,19.7
31700,12.33
31701,9.7
31702,6.28
31703,6.56
31704,9.43
31705,6.02
31706,10.59
31707,7.92
31708,4.32
31709,16.98
31710,15.78
31711,13.98
31712,17.4
31713,13.77
31714,15.83
31715,13.75
31716,14.04
31717,17.24
31718,16.76
31719,13.6
31720,13.46
31721,7.64
31722,13.18
31723,9.78
31724,20.02
31725,11.24
31726,18.85
31727,17.25
31728,16.62
31729,18.72
31730,17.91
31731,16.58
31732,13.71
31733,16.14
31734,12.23
31735,12.77
31736,15.02
31737,11.14
31738,15.23
31739,14.15
31740,13.66
31741,20.28
31742,18.0
31743,20.79
31744,20.42
31745,20.53
31746,19.38
31747,21.34
31748,21.77
31749,12.15
31750,21.2
31751,20.11
31752,16.03
31753,15.63
31754,18.66
31755,19.18
31756,19.84
31757,11.55
31758,10.73
31759,7.62
31760,9.16
31761,12.19
31762,14.47
31763,13.02
31764,11.52
31765,11.71
31766,18.22
31767,16.6
31768,18.24
31769,16.93
31770,7.52
31771,10.27
31772,7.21
31773,19.59
31774,10.5
31775,12.61
31776,15.11
31777,17.59
31778,14.66
31779,14.09
31780,13.2
31781,10.87
31782,12.9
31783,9.88
31784,11.44
31785,7.23
31786,7.14
31787,6.51
31788,7.28
31789,18.61
31790,13.04
31791,15.7
31792,17.02
31793,15.2
31794,10.9
31795,15.64
31796,17.74
31797,12.78
31798,11.78
31799,13.19
31800,11.84
31801,15.83
31802,16.66
31803,18.01
31804,16.56
31805,17.2
31806,16.43
31807,16.05
31808,11.87
31809,14.02
31810,15.25
31811,15.71
31812,17.08
31813,13.22
31814,15.13
31815,21.05
31816,19.21
31817,21.04
31818,18.72
31819,19.14
31820,16.29
31821,20.35
31822,19.29
31823,15.17
31824,14.71
31825,15.07
31826,7.96
31827,10.66
31828,8.64
31829,7.77
31830,6.64
31831,8.48
31832,6.54
31833,9.6
31834,7.91
31835,19.64
31836,11.61
31837,13.49
31838,14.26
31839,14.96
31840,10.9
31841,16.85
31842,15.4
31843,15.42
31844,13.91
31845,14.78
31846,13.0
31847,15.81
31848,16.17
31849,19.16
31850,16.64
31851,16.74
31852,18.12
31853,16.65
31854,16.67
31855,17.02
31856,16.22
31857,16.17
31858,15.39
31859,9.46
31860,17.66
31861,15.86
31862,14.54
31863,12.69
31864,9.4
31865,8.24
31866,7.04
31867,7.98
31868,7.58
31869,9.39
31870,6.96
31871,8.53
31872,9.04
31873,14.81
31874,12.19
31875,13.15
31876,10.07
31877,12.17
31878,9.44
31879,10.6
31880,6.9
31881,13.16
31882,13.77
31883,13.37
31884,11.67
31885,14.45
31886,9.51
31887,8.91
31888,7.14
31889,8.03
31890,5.83
31891,7.56
31892,9.94
31893,10.12
31894,6.49
31895,14.6
31896,11.88
31897,10.63
31898,11.3
31899,15.18
31900,9.47
31901,14.07
31902,8.53
31903,10.44
31904,7.35
31905,11.56
31906,12.67
31907,13.11
31908,7.4
31909,4.56
31910,3.71
31911,6.23
31912,5.11
31913,4.09
31914,3.32
31915,13.83
31916,15.91
31917,14.07
31918,15.68
31919,14.81
31920,13.62
31921,14.26
31922,13.98
31923,19.14
31924,15.17
31925,8.63
31926,9.11
31927,7.68
31928,6.71
31929,13.21
31930,5.86
31931,8.74
31932,8.98
31933,7.51
31934,6.95
31935,6.06
31936,7.61
31937,6.09
31938,6.29
31939,6.62
31940,7.13
31941,7.23
31942,8.74
31943,5.15
31944,5.09
31945,5.74
31946,5.81
31947,11.52
31948,7.89
31949,7.92
31950,5.44
31951,5.66
31952,9.5
31953,13.37
31954,13.88
31955,10.26
31956,8.33
31957,10.27
31958,11.95
31959,7.32
31960,10.01
31961,9.84
31962,17.99
31963,14.35
31964,14.54
31965,20.04
31966,13.53
31967,18.79
31968,17.26
31969,16.41
31970,12.35
31971,9.28
31972,10.41
31973,7.73
31974,10.74
31975,6.98
31976,7.2
31977,5.81
31978,7.41
31979,9.92
31980,5.75
31981,6.71
31982,8.21
31983,5.91
31984,9.34
31985,12.64
31986,15.64
31987,12.04
31988,8.32
31989,15.08
31990,12.7
31991,12.55
31992,13.48
31993,14.78
31994,14.94
31995,5.89
31996,16.7
31997,16.65
31998,16.09
31999,19.47
32000,17.74
32001,14.96
32002,17.23
32003,18.0
32004,17.1
32005,17.15
32006,18.9
32007,17.6
32008,14.69
32009,15.11
32010,15.13
32011,12.07
32012,14.41
32013,15.15
32014,14.13
32015,15.7
32016,16.59
32017,13.78
32018,8.17
32019,18.4
32020,16.52
32021,14.02
32022,9.44
32023,7.43
32024,11.82
32025,10.74
32026,7.53
32027,6.48
32028,10.91
32029,7.54
32030,12.15
32031,12.03
32032,10.16
32033,10.17
32034,5.18
32035,16.75
32036,13.67
32037,13.79
32038,13.86
32039,14.28
32040,17.94
32041,16.08
32042,16.31
32043,16.53
32044,11.61
32045,11.01
32046,7.42
32047,7.8
32048,8.23
32049,6.25
32050,7.89
32051,13.58
32052,9.92
32053,14.64
32054,6.86
32055,11.77
32056,7.73
32057,4.41
32058,11.15
32059,10.09
32060,8.8
32061,11.67
32062,7.05
32063,6.43
32064,7.37
32065,8.89
32066,12.41
32067,7.6
32068,19.47
32069,17.27
32070,20.54
32071,17.04
32072,11.55
32073,17.29
32074,19.35
32075,19.17
32076,18.48
32077,19.56
32078,17.27
32079,17.39
32080,8.99
32081,5.92
32082,6.8
32083,5.09
32084,8.75
32085,7.42
32086,6.04
32087,6.07
32088,5.06
32089,10.72
32090,7.11
32091,5.99
32092,11.54
32093,10.23
32094,7.66
32095,4.93
32096,7.69
32097,7.48
32098,6.23
32099,6.97
32100,13.47
32101,11.26
32102,19.58
32103,20.37
32104,20.58
32105,19.12
32106,19.4
32107,20.37
32108,17.51
32109,19.4
32110,20.99
32111,12.2
32112,12.26
32113,15.15
32114,10.81
32115,12.49
32116,12.74
32117,15.87
32118,18.84
32119,14.25
32120,15.12
32121,15.15
32122,18.9
32123,9.51
32124,16.73
32125,14.42
32126,18.83
32127,16.49
32128,15.08
32129,17.15
32130,18.11
32131,9.42
32132,11.33
32133,8.07
32134,9.36
32135,11.37
32136,15.18
32137,11.95
32138,11.75
32139,13.15
32140,10.75
32141,13.02
32142,13.88
32143,12.13
32144,13.06
32145,18.11
32146,19.88
32147,17.35
32148,17.47
32149,15.71
32150,11.41
32151,16.23
32152,20.13
32153,13.37
32154,18.5
32155,16.44
32156,16.07
32157,18.91
32158,19.19
32159,19.2
32160,18.2
32161,14.58
32162,15.64
32163,16.02
32164,16.73
32165,19.57
32166,16.88
32167,19.83
32168,20.68
32169,18.74
32170,17.95
32171,18.01
32172,19.98
32173,19.54
32174,19.26
32175,15.03
32176,20.9
32177,20.75
32178,15.64
32179,21.46
32180,19.02
32181,21.05
32182,20.16
32183,20.92
32184,13.4
32185,15.53
32186,17.9
32187,18.47
32188,17.15
32189,12.13
32190,16.34
32191,16.02
32192,16.01
32193,16.56
32194,15.5
32195,18.48
32196,19.23
32197,14.78
32198,16.84
32199,14.68
32200,11.49
32201,19.77
32202,17.67
32203,10.22
32204,6.89
32205,12.63
32206,11.71
32207,10.62
32208,9.84
32209,9.13
32210,11.39
32211,11.1
32212,11.1
32213,7.56
32214,10.42
32215,9.44
32216,12.78
32217,5.94
32218,4.68
32219,5.89
32220,12.68
32221,9.62
32222,7.35
32223,6.7
32224,4.78
32225,7.26
32226,4.37
32227,7.33
32228,6.41
32229,5.87
32230,7.3
32231,8.45
32232,5.6
32233,6.15
32234,3.78
32235,5.22
32236,13.91
32237,11.69
32238,15.23
32239,7.29
32240,14.65
32241,15.3
32242,13.97
32243,13.83
32244,7.01
32245,8.01
32246,10.2
32247,4.34
32248,5.81
32249,15.57
32250,11.59
32251,14.77
32252,11.99
32253,11.05
32254,13.35
32255,14.79
32256,15.29
32257,16.36
32258,15.27
32259,19.11
32260,19.79
32261,13.05
32262,15.91
32263,19.69
32264,4.26
32265,4.59
32266,15.26
32267,14.5
32268,13.68
32269,8.31
32270,13.25
32271,15.8
32272,15.47
32273,14.07
32274,13.84
32275,13.98
32276,12.55
32277,11.18
32278,11.83
32279,6.31
32280,6.44
32281,5.8
32282,14.62
32283,10.73
32284,13.75
32285,11.05
32286,11.02
32287,12.36
32288,10.49
32289,14.49
32290,12.8
32291,13.83
32292,7.7
32293,6.16
32294,5.24
32295,5.64
32296,14.5
32297,10.59
32298,9.15
32299,3.68
32300,6.42
32301,8.69
32302,10.17
32303,16.32
32304,9.95
32305,13.13
32306,13.31
32307,15.16
32308,11.95
32309,15.93
32310,16.96
32311,12.53
32312,9.93
32313,9.36
32314,11.22
32315,12.8
32316,13.53
32317,22.05
32318,20.75
32319,21.05
32320,19.7
32321,22.41
32322,20.42
32323,21.41
32324,20.23
32325,19.25
32326,19.93
32327,20.49
32328,21.2
32329,19.9
32330,21.04
32331,22.0
32332,14.52
32333,21.86
32334,21.06
32335,19.48
32336,17.66
32337,20.88
32338,14.3
32339,16.92
32340,13.76
32341,18.74
32342,15.76
32343,15.94
32344,18.96
32345,19.15
32346,16.0
32347,19.67
32348,17.23
32349,20.51
32350,20.06
32351,19.56
32352,17.16
32353,18.01
32354,17.64
32355,19.15
32356,17.27
32357,15.32
32358,15.66
32359,12.2
32360,11.66
32361,15.26
32362,7.35
32363,12.25
32364,13.96
32365,14.18
32366,13.86
32367,11.03
32368,9.84
32369,10.94
32370,13.57
32371,15.39
32372,14.21
32373,20.1
32374,16.69
32375,17.32
32376,17.59
32377,16.38
32378,16.09
32379,17.04
32380,20.87
32381,19.24
32382,11.85
32383,17.97
32384,17.43
32385,18.07
32386,13.99
32387,14.09
32388,17.37
32389,13.29
32390,16.76
32391,18.08
32392,16.14
32393,17.92
32394,17.34
32395,15.26
32396,19.3
32397,16.94
32398,16.69
32399,15.69
32400,13.23
32401,12.39
32402,10.59
32403,9.08
32404,9.15
32405,16.9
32406,16.29
32407,5.55
32408,3.91
32409,6.22
32410,5.46
32411,5.18
32412,7.01
32413,4.7
32414,4.79
32415,5.99
32416,12.78
32417,10.23
32418,12.91
32419,10.19
32420,10.38
32421,12.64
32422,11.48
32423,8.9
32424,8.76
32425,7.13
32426,8.79
32427,11.08
32428,10.82
32429,9.78
32430,9.67
32431,17.82
32432,13.5
32433,14.76
32434,18.9
32435,16.43
32436,13.55
32437,12.23
32438,7.23
32439,6.81
32440,6.0
32441,6.55
32442,15.79
32443,5.6
32444,6.89
32445,8.39
32446,9.37
32447,7.62
32448,6.6
32449,6.69
32450,8.82
32451,6.48
32452,5.38
32453,6.14
32454,14.62
32455,4.39
32456,9.79
32457,9.14
32458,7.99
32459,6.86
32460,4.58
32461,7.32
32462,6.45
32463,5.98
32464,6.69
32465,8.89
32466,11.95
32467,12.85
32468,16.91
32469,10.2
32470,13.89
32471,13.74
32472,15.68
32473,14.0
32474,8.14
32475,6.35
32476,15.94
32477,12.2
32478,10.0
32479,8.18
32480,7.51
32481,8.04
32482,12.96
32483,17.42
32484,17.15
32485,21.01
32486,22.25
32487,19.45
32488,18.64
32489,20.76
32490,19.62
32491,19.04
32492,17.25
32493,18.66
32494,18.31
32495,18.48
32496,18.08
32497,20.65
32498,14.86
32499,18.57
32500,17.4
32501,17.1
32502,17.35
32503,20.11
32504,18.1
32505,19.25
32506,19.21
32507,15.28
32508,13.28
32509,19.11
32510,15.48
32511,17.94
32512,11.87
32513,15.64
32514,18.86
32515,6.85
32516,18.19
32517,17.96
32518,18.67
32519,19.35
32520,17.44
32521,18.74
32522,16.78
32523,17.38
32524,12.07
32525,10.98
32526,10.6
32527,18.88
32528,10.2
32529,15.36
32530,14.26
32531,11.39
32532,11.31
32533,11.27
32534,10.91
32535,15.87
32536,11.99
32537,12.65
32538,6.14
32539,9.25
32540,5.73
32541,7.05
32542,14.16
32543,8.75
32544,9.81
32545,9.88
32546,6.94
32547,6.63
32548,9.44
32549,8.92
32550,11.25
32551,9.16
32552,5.79
32553,9.8
32554,10.01
32555,13.12
32556,10.27
32557,14.09
32558,10.9
32559,14.27
32560,13.26
32561,11.1
32562,13.52
32563,12.1
32564,11.31
32565,12.13
32566,7.3
32567,7.29
32568,7.1
32569,6.3
32570,5.61
32571,6.58
32572,8.05
32573,8.47
32574,15.49
32575,19.41
32576,18.38
32577,18.73
32578,18.62
32579,17.65
32580,15.72
32581,16.5
32582,8.01
32583,9.09
32584,9.41
32585,12.4
32586,17.3
32587,12.53
32588,21.37
32589,20.1
32590,19.29
32591,15.47
32592,19.5
32593,16.87
32594,17.43
32595,16.76
32596,15.42
32597,17.25
32598,13.14
32599,20.53
32600,19.62
32601,19.53
32602,15.45
32603,16.28
32604,18.89
32605,19.3
32606,19.8
32607,12.64
32608,21.6
32609,16.75
32610,21.53
32611,19.88
32612,17.92
32613,19.36
32614,15.3
32615,19.21
32616,17.53
32617,17.31
32618,20.67
32619,18.83
32620,15.03
32621,12.28
32622,12.24
32623,14.82
32624,16.0
32625,13.68
32626,15.86
32627,16.23
32628,11.05
32629,10.51
32630,9.33
32631,10.49
32632,8.42
32633,10.23
32634,9.06
32635,14.09
32636,11.9
32637,12.96
32638,12.59
32639,10.86
32640,7.66
32641,17.17
32642,16.41
32643,19.85
32644,16.14
32645,15.41
32646,12.3
32647,14.64
32648,17.36
32649,5.38
32650,5.89
32651,10.25
32652,10.21
32653,12.98
32654,7.89
32655,4.94
32656,4.24
32657,8.69
32658,5.81
32659,11.33
32660,14.43
32661,10.06
32662,6.83
32663,10.41
32664,8.21
32665,13.6
32666,10.29
32667,10.11
32668,11.45
32669,9.46
32670,10.23
32671,21.07
32672,13.55
32673,15.33
32674,15.57
32675,15.54
32676,18.54
32677,15.69
32678,20.09
32679,17.81
32680,20.24
32681,17.22
32682,15.7
32683,13.26
32684,14.35
32685,7.69
32686,6.14
32687,6.7
32688,9.94
32689,6.18
32690,7.8
32691,7.84
32692,10.81
32693,7.15
32694,6.03
32695,9.89
32696,9.46
32697,18.55
32698,15.64
32699,18.58
32700,16.28
32701,15.57
32702,15.05
32703,18.89
32704,19.18
32705,17.21
32706,16.68
32707,17.02
32708,17.42
32709,17.76
32710,20.08
32711,15.58
32712,11.55
32713,15.03
32714,13.04
32715,10.56
32716,10.37
32717,11.95
32718,18.05
32719,12.22
32720,13.93
32721,17.29
32722,17.69
32723,19.26
32724,16.86
32725,18.91
32726,17.16
32727,13.39
32728,19.38
32729,16.73
32730,19.03
32731,15.43
32732,13.06
32733,17.78
32734,11.52
32735,19.92
32736,21.89
32737,20.65
32738,16.83
32739,17.17
32740,13.42
32741,15.19
32742,15.24
32743,13.51
32744,15.86
32745,15.86
32746,13.96
32747,11.87
32748,11.81
32749,14.8
32750,19.55
32751,17.98
32752,18.05
32753,19.08
32754,18.28
32755,16.8
32756,19.28
32757,18.42
32758,11.77
32759,18.71
32760,17.07
32761,19.17
32762,16.44
32763,14.42
32764,13.79
32765,17.5
32766,15.32
32767,13.51
32768,13.86
32769,12.51
32770,18.18
32771,19.1
32772,16.61
32773,13.62
32774,17.51
32775,19.43
32776,21.16
32777,20.5
32778,19.8
32779,20.08
32780,20.17
32781,19.69
32782,19.84
32783,19.85
32784,22.14
32785,14.68
32786,21.58
32787,19.55
32788,19.68
32789,15.57
32790,7.17
32791,12.73
32792,9.37
32793,13.56
32794,13.75
32795,9.44
32796,10.11
32797,9.27
32798,11.41
32799,6.61
32800,9.6
32801,9.54
32802,10.3
32803,9.75
32804,12.96
32805,17.41
32806,16.23
32807,15.43
32808,18.63
32809,14.81
32810,15.24
32811,15.18
32812,15.53
32813,14.25
32814,14.11
32815,13.06
32816,12.67
32817,10.87
32818,6.71
32819,10.79
32820,5.89
32821,5.31
32822,5.07
32823,7.72
32824,7.83
32825,7.7
32826,6.64
32827,7.17
32828,5.63
32829,4.75
32830,4.97
32831,14.23
32832,8.41
32833,11.0
32834,12.14
32835,11.31
32836,11.58
32837,12.98
32838,15.04
32839,18.39
32840,17.88
32841,18.61
32842,16.05
32843,17.29
32844,19.28
32845,18.29
32846,17.97
32847,17.98
32848,18.81
32849,17.94
32850,18.95
32851,17.29
32852,17.49
32853,17.5
32854,18.22
32855,11.2
32856,12.5
32857,10.64
32858,12.68
32859,10.59
32860,12.47
32861,9.23
32862,9.03
32863,6.06
32864,7.26
32865,6.32
32866,7.43
32867,14.49
32868,10.31
32869,20.25
32870,21.0
32871,17.57
32872,19.73
32873,18.6
32874,11.22
32875,5.96
32876,7.24
32877,5.51
32878,8.01
32879,7.89
32880,6.91
32881,15.48
32882,13.59
32883,7.2
32884,8.51
32885,8.44
32886,7.14
32887,5.87
32888,3.27
32889,5.2
32890,5.05
32891,6.74
32892,6.5
32893,11.14
32894,14.24
32895,11.54
32896,13.57
32897,7.65
32898,5.89
32899,8.52
32900,6.19
32901,9.24
32902,6.92
32903,6.73
32904,8.13
32905,7.25
32906,17.63
32907,15.71
32908,18.61
32909,19.31
32910,16.82
32911,17.71
32912,14.78
32913,16.8
32914,18.34
32915,18.28
32916,10.72
32917,18.03
32918,20.72
32919,21.28
32920,19.77
32921,20.48
32922,17.28
32923,17.14
32924,16.02
32925,15.46
32926,17.23
32927,18.31
32928,20.46
32929,22.23
32930,18.67
32931,17.62
32932,18.53
32933,16.92
32934,20.54
32935,16.43
32936,13.57
32937,14.48
32938,11.49
32939,13.35
32940,11.24
32941,10.6
32942,8.92
32943,9.79
32944,14.05
32945,9.73
32946,7.81
32947,10.36
32948,12.34
32949,9.23
32950,10.18
32951,10.11
32952,13.52
32953,9.94
32954,13.59
32955,7.95
32956,6.51
32957,10.78
32958,10.18
32959,9.63
32960,15.37
32961,16.77
32962,17.98
32963,18.17
32964,17.83
32965,16.46
32966,17.08
32967,17.69
32968,17.08
32969,17.58
32970,14.66
32971,17.21
32972,17.51
32973,5.59
32974,5.86
32975,20.09
32976,20.03
32977,5.55
32978,10.5
32979,13.7
32980,12.65
32981,17.32
32982,16.78
32983,19.43
32984,15.66
32985,18.05
32986,18.51
32987,9.19
32988,11.32
32989,17.64
32990,19.15
32991,18.29
32992,17.55
32993,17.72
32994,19.81
32995,20.55
32996,4.22
32997,9.32
32998,5.32
32999,5.28
33000,6.16
33001,6.92
33002,12.54
33003,12.68
33004,15.95
33005,16.85
33006,17.21
33007,18.27
33008,11.04
33009,17.23
33010,17.22
33011,17.64
33012,16.75
33013,12.49
33014,20.14
33015,19.35
33016,16.62
33017,17.1
33018,11.23
33019,5.61
33020,7.4
33021,3.2
33022,7.4
33023,7.51
33024,7.6
33025,8.08
33026,6.71
33027,6.94
33028,8.0
33029,16.79
33030,16.39
33031,15.46
33032,16.41
33033,16.53
33034,17.65
33035,8.83
33036,17.65
33037,16.85
33038,16.19
33039,15.93
33040,6.52
33041,15.61
33042,17.18
33043,16.22
33044,13.62
33045,15.24
33046,13.6
33047,13.5
33048,15.74
33049,6.78
33050,14.79
33051,13.39
33052,15.55
33053,13.2
33054,12.51
33055,14.05
33056,14.1
33057,10.15
33058,10.65
33059,10.0
33060,10.21
33061,8.41
33062,10.01
33063,16.82
33064,13.64
33065,13.14
33066,15.38
33067,11.36
33068,19.02
33069,19.2
33070,9.83
33071,18.05
33072,16.84
33073,16.89
33074,17.76
33075,17.8
33076,12.43
33077,12.76
33078,13.57
33079,12.28
33080,12.74
33081,12.53
33082,9.36
33083,7.54
33084,5.78
33085,14.8
33086,12.72
33087,14.9
33088,13.13
33089,13.08
33090,13.74
33091,14.09
33092,13.8
33093,15.51
33094,12.55
33095,16.17
33096,14.25
33097,9.34
33098,17.79
33099,13.71
33100,14.62
33101,15.51
33102,14.0
33103,19.64
33104,15.39
33105,13.68
33106,15.93
33107,14.08
33108,19.3
33109,17.03
33110,15.64
33111,12.44
33112,11.35
33113,7.53
33114,16.18
33115,16.77
33116,11.7
33117,7.04
33118,8.25
33119,4.67
33120,4.39
33121,5.68
33122,7.92
33123,7.47
33124,6.75
33125,5.78
33126,12.4
33127,6.16
33128,8.16
33129,8.76
33130,8.33
33131,10.3
33132,9.52
33133,10.74
33134,8.7
33135,5.31
33136,5.36
33137,11.24
33138,7.2
33139,13.12
33140,9.75
33141,7.02
33142,8.01
33143,10.11
33144,13.85
33145,7.25
33146,7.81
33147,7.66
33148,14.23
33149,10.04
33150,6.43
33151,8.27
33152,8.18
33153,9.99
33154,14.79
33155,9.68
33156,4.8
33157,8.44
33158,6.72
33159,8.26
33160,6.2
33161,6.15
33162,8.92
33163,3.75
33164,4.43
33165,1.94
33166,4.92
33167,2.2
33168,3.17
33169,5.86
33170,2.46
33171,3.81
33172,6.7
33173,5.49
33174,1.47
33175,3.26
33176,2.93
33177,2.75
33178,3.02
33179,3.69
33180,8.01
33181,2.96
33182,2.85
33183,8.85
33184,3.19
33185,3.63
33186,3.16
33187,10.49
33188,16.87
33189,12.45
33190,12.36
33191,12.11
33192,11.52
33193,13.08
33194,14.12
33195,14.98
33196,13.49
33197,6.09
33198,15.76
33199,13.6
33200,10.71
33201,12.88
33202,9.91
33203,10.46
33204,7.5
33205,8.9
33206,8.37
33207,9.59
33208,9.75
33209,13.1
33210,10.63
33211,13.95
33212,9.69
33213,7.31
33214,5.61
33215,9.58
33216,12.05
33217,12.05
33218,9.27
33219,7.6
33220,6.45
33221,9.04
33222,9.2
33223,14.86
33224,14.36
33225,14.56
33226,5.73
33227,7.88
33228,8.96
33229,6.98
33230,14.02
33231,6.12
33232,12.4
33233,12.13
33234,7.72
33235,7.03
33236,10.03
33237,12.4
33238,13.27
33239,9.83
33240,9.53
33241,13.83
33242,11.33
33243,12.61
33244,13.32
33245,7.7
33246,9.18
33247,12.63
33248,9.3
33249,14.19
33250,11.91
33251,12.35
33252,11.67
33253,13.98
33254,9.73
33255,12.84
33256,13.59
33257,13.01
33258,8.1
33259,9.48
33260,8.43
33261,11.78
33262,12.44
33263,7.37
33264,6.7
33265,17.74
33266,17.33
33267,15.67
33268,16.65
33269,16.82
33270,16.77
33271,13.91
33272,18.6
33273,18.95
33274,11.74
33275,17.35
33276,15.25
33277,13.07
33278,8.77
33279,11.24
33280,9.08
33281,8.15
33282,13.15
33283,15.17
33284,19.18
33285,12.62
33286,14.73
33287,16.7
33288,14.87
33289,15.06
33290,14.47
33291,17.92
33292,14.85
33293,14.08
33294,11.05
33295,13.94
33296,14.0
33297,13.11
33298,12.66
33299,13.84
33300,19.9
33301,19.22
33302,18.82
33303,19.38
33304,16.89
33305,19.89
33306,19.65
33307,20.45
33308,17.6
33309,19.03
33310,19.56
33311,12.67
33312,8.67
33313,7.42
33314,18.52
33315,17.54
33316,15.55
33317,16.37
33318,15.52
33319,15.81
33320,14.91
33321,16.36
33322,10.62
33323,18.47
33324,15.8
33325,15.71
33326,12.32
33327,14.29
33328,14.99
33329,16.45
33330,19.67
33331,15.4
33332,14.1
33333,16.49
33334,17.61
33335,16.77
33336,15.87
33337,13.89
33338,8.19
33339,8.31
33340,7.68
33341,6.24
33342,14.48
33343,8.97
33344,14.88
33345,11.6
33346,14.37
33347,11.86
33348,17.76
33349,17.34
33350,18.36
33351,16.37
33352,17.75
33353,19.89
33354,19.25
33355,11.98
33356,20.96
33357,19.32
33358,18.07
33359,20.64
33360,18.63
33361,16.45
33362,19.73
33363,17.78
33364,15.88
33365,15.13
33366,14.26
33367,6.91
33368,7.82
33369,17.34
33370,11.6
33371,7.01
33372,7.55
33373,17.79
33374,12.38
33375,9.92
33376,16.14
33377,11.48
33378,19.32
33379,15.04
33380,17.16
33381,16.88
33382,17.72
33383,16.75
33384,18.52
33385,18.63
33386,19.47
33387,19.92
33388,18.77
33389,15.9
33390,9.07
33391,19.48
33392,20.27
33393,21.31
33394,21.14
33395,20.37
33396,20.21
33397,21.19
33398,14.05
33399,12.59
33400,13.52
33401,16.25
33402,15.43
33403,19.26
33404,15.19
33405,17.86
33406,14.22
33407,14.46
33408,20.82
33409,17.5
33410,16.23
33411,14.58
33412,17.33
33413,18.44
33414,18.3
33415,13.89
33416,20.97
33417,19.02
33418,18.68
33419,16.41
33420,17.78
33421,8.05
33422,14.39
33423,14.18
33424,12.48
33425,14.2
33426,16.4
33427,6.8
33428,14.13
33429,10.61
33430,14.31
33431,11.75
33432,19.44
33433,17.28
33434,18.23
33435,8.9
33436,8.22
33437,8.27
33438,8.62
33439,9.36
33440,10.8
33441,9.15
33442,12.95
33443,10.98
33444,11.86
33445,4.94
33446,4.57
33447,6.6
33448,2.71
33449,5.19
33450,4.79
33451,6.31
33452,4.15
33453,5.37
33454,17.41
33455,14.12
33456,15.81
33457,16.67
33458,15.55
33459,13.99
33460,18.19
33461,16.49
33462,15.3
33463,19.13
33464,16.66
33465,15.85
33466,11.03
33467,11.8
33468,9.41
33469,9.24
33470,12.04
33471,10.63
33472,8.61
33473,9.55
33474,9.11
33475,5.87
33476,6.0
33477,10.51
33478,18.42
33479,17.11
33480,15.02
33481,10.58
33482,10.12
33483,16.03
33484,8.5
33485,7.66
33486,15.47
33487,12.26
33488,9.69
33489,13.82
33490,10.74
33491,16.29
33492,16.09
33493,19.2
33494,19.25
33495,18.0
33496,17.35
33497,17.12
33498,15.66
33499,15.79
33500,13.58
33501,12.91
33502,16.65
33503,13.84
33504,16.93
33505,10.18
33506,14.26
33507,16.62
33508,16.01
33509,15.61
33510,15.03
33511,13.27
33512,13.19
33513,10.07
33514,13.93
33515,13.18
33516,15.34
33517,16.08
33518,12.6
33519,12.14
33520,4.26
33521,11.18
33522,11.38
33523,11.55
33524,10.48
33525,10.4
33526,11.06
33527,10.92
33528,9.75
33529,12.79
33530,10.54
33531,5.67
33532,10.25
33533,6.98
33534,8.75
33535,10.58
33536,6.98
33537,7.93
33538,8.35
33539,16.92
33540,19.81
33541,18.93
33542,20.59
33543,16.2
33544,16.27
33545,17.25
33546,11.95
33547,12.55
33548,12.3
33549,11.99
33550,11.49
33551,14.49
33552,9.57
33553,13.03
33554,11.65
33555,11.15
33556,10.65
33557,13.32
33558,13.99
33559,15.39
33560,7.85
33561,13.72
33562,13.52
33563,14.01
33564,11.72
33565,15.02
33566,10.97
33567,16.3
33568,9.4
33569,16.28
33570,13.31
33571,13.58
33572,14.11
33573,18.21
33574,10.95
33575,16.41
33576,17.99
33577,13.7
33578,13.22
33579,14.2
33580,12.59
33581,8.02
33582,5.1
33583,6.48
33584,8.87
33585,10.85
33586,8.88
33587,8.16
33588,15.4
33589,15.53
33590,7.0
33591,11.53
33592,10.53
33593,8.24
33594,12.85
33595,7.44
33596,7.5
33597,6.83
33598,9.62
33599,5.6
33600,8.3
33601,9.41
33602,10.16
33603,7.78
33604,8.84
33605,11.57
33606,5.89
33607,6.96
33608,14.08
33609,12.61
33610,9.33
33611,9.41
33612,9.73
33613,10.43
33614,8.4
33615,11.11
33616,12.73
33617,3.49
33618,10.65
33619,11.9
33620,12.05
33621,10.9
33622,6.25
33623,8.51
33624,6.27
33625,7.26
33626,8.37
33627,8.17
33628,5.67
33629,12.21
33630,6.54
33631,10.5
33632,13.01
33633,10.41
33634,11.49
33635,7.23
33636,6.69
33637,11.94
33638,7.76
33639,8.1
33640,11.4
33641,10.29
33642,11.74
33643,15.76
33644,14.66
33645,10.33
33646,9.8
33647,7.34
33648,15.11
33649,10.26
33650,13.44
33651,12.57
33652,13.37
33653,15.07
33654,15.21
33655,10.74
33656,12.93
33657,13.88
33658,10.36
33659,16.2
33660,13.07
33661,13.03
33662,10.75
33663,15.16
33664,11.12
33665,11.6
33666,12.21
33667,17.84
33668,17.46
33669,17.44
33670,13.45
33671,20.63
33672,21.35
33673,15.38
33674,15.69
33675,20.0
33676,15.61
33677,18.44
33678,18.49
33679,18.41
33680,16.83
33681,16.64
33682,19.04
33683,13.61
33684,18.7
33685,6.15
33686,12.03
33687,7.69
33688,6.42
33689,15.85
33690,15.73
33691,15.47
33692,17.58
33693,14.99
33694,17.79
33695,16.54
33696,15.12
33697,12.33
33698,5.74
33699,9.31
33700,11.33
33701,10.97
33702,10.22
33703,11.38
33704,10.66
33705,7.56
33706,13.7
33707,12.95
33708,11.1
33709,16.45
33710,18.63
33711,16.32
33712,14.3
33713,15.81
33714,12.1
33715,10.37
33716,13.46
33717,8.27
33718,7.54
33719,9.02
33720,9.05
33721,6.66
33722,6.36
33723,11.2
33724,10.63
33725,13.03
33726,10.39
33727,10.3
33728,10.11
33729,14.67
33730,9.1
33731,8.51
33732,12.44
33733,15.7
33734,15.17
33735,16.58
33736,20.63
33737,12.27
33738,19.93
33739,18.23
33740,18.54
33741,17.31
33742,11.67
33743,13.52
33744,17.97
33745,14.21
33746,14.69
33747,18.52
33748,14.54
33749,14.35
33750,18.9
33751,11.29
33752,16.86
33753,10.96
33754,16.77
33755,15.67
33756,2.91
33757,4.09
33758,2.92
33759,3.19
33760,4.37
33761,3.63
33762,4.51
33763,8.2
33764,7.29
33765,8.15
33766,8.37
33767,9.66
33768,7.72
33769,8.9
33770,8.19
33771,9.32
33772,10.13
33773,8.76
33774,7.15
33775,8.81
33776,18.57
33777,18.25
33778,14.94
33779,17.26
33780,19.45
33781,17.51
33782,19.39
33783,19.84
33784,13.16
33785,16.62
33786,16.91
33787,20.32
33788,19.07
33789,20.31
33790,19.6
33791,20.44
33792,21.56
33793,19.81
33794,16.72
33795,20.74
33796,17.89
33797,19.11
33798,21.15
33799,19.01
33800,17.87
33801,19.64
33802,18.94
